tag,tournament,subset,model,n,log_loss,brier,accuracy,rps,window,elo_mode,reproducible,commit,generated_utc
wc_2018,2018 World Cup,All Matches,GlobalGHMM,64,0.967,0.5758,0.5625,0.2063,3,dynamic,True,cab4111-dirty,2026-08-13T09:28:59+00:00
wc_2018,2018 World Cup,All Matches,GlobalGHMM+Draw,64,0.9669,0.5757,0.5625,0.2063,3,dynamic,True,cab4111-dirty,2026-08-13T09:28:59+00:00
wc_2018,2018 World Cup,All Matches,XGBoost,64,0.9573,0.5662,0.5781,0.199,3,dynamic,True,cab4111-dirty,2026-08-13T09:28:59+00:00
wc_2018,2018 World Cup,All Matches,Random Forest,64,0.9858,0.5871,0.5469,0.2096,3,dynamic,True,cab4111-dirty,2026-08-13T09:28:59+00:00
wc_2018,2018 World Cup,All Matches,Elo,64,0.9712,0.5767,0.5625,0.2051,3,dynamic,True,cab4111-dirty,2026-08-13T09:28:59+00:00
wc_2018,2018 World Cup,All Matches,Uniform,64,1.0986,0.6667,0.3906,0.2439,3,dynamic,True,cab4111-dirty,2026-08-13T09:28:59+00:00
wc_2018,2018 World Cup,W/L Only,GlobalGHMM,51,0.5768,0.391,0.7059,0.1955,3,dynamic,True,cab4111-dirty,2026-08-13T09:28:59+00:00
wc_2018,2018 World Cup,W/L Only,GlobalGHMM+Draw,51,0.5768,0.391,0.7059,0.1955,3,dynamic,True,cab4111-dirty,2026-08-13T09:28:59+00:00
wc_2018,2018 World Cup,W/L Only,XGBoost,51,0.5493,0.367,0.7255,0.1835,3,dynamic,True,cab4111-dirty,2026-08-13T09:28:59+00:00
wc_2018,2018 World Cup,W/L Only,Random Forest,51,0.5848,0.3998,0.7059,0.1999,3,dynamic,True,cab4111-dirty,2026-08-13T09:28:59+00:00
wc_2018,2018 World Cup,W/L Only,Elo,51,0.5693,0.3842,0.7059,0.1921,3,dynamic,True,cab4111-dirty,2026-08-13T09:28:59+00:00
wc_2018,2018 World Cup,W/L Only,Uniform,51,0.6931,0.5,0.4902,0.25,3,dynamic,True,cab4111-dirty,2026-08-13T09:28:59+00:00
wc_2022,2022 World Cup,All Matches,GlobalGHMM,64,1.0557,0.608,0.5469,0.2174,3,dynamic,True,cab4111-dirty,2026-08-13T09:28:59+00:00
wc_2022,2022 World Cup,All Matches,GlobalGHMM+Draw,64,1.055,0.6076,0.5469,0.2173,3,dynamic,True,cab4111-dirty,2026-08-13T09:28:59+00:00
wc_2022,2022 World Cup,All Matches,XGBoost,64,1.0592,0.6091,0.5469,0.2178,3,dynamic,True,cab4111-dirty,2026-08-13T09:28:59+00:00
wc_2022,2022 World Cup,All Matches,Random Forest,64,1.0888,0.6155,0.4688,0.2233,3,dynamic,True,cab4111-dirty,2026-08-13T09:28:59+00:00
wc_2022,2022 World Cup,All Matches,Elo,64,1.0564,0.61,0.5469,0.2186,3,dynamic,True,cab4111-dirty,2026-08-13T09:28:59+00:00
wc_2022,2022 World Cup,All Matches,Uniform,64,1.0986,0.6667,0.3125,0.2387,3,dynamic,True,cab4111-dirty,2026-08-13T09:28:59+00:00
wc_2022,2022 World Cup,W/L Only,GlobalGHMM,49,0.6924,0.4503,0.7143,0.2251,3,dynamic,True,cab4111-dirty,2026-08-13T09:28:59+00:00
wc_2022,2022 World Cup,W/L Only,GlobalGHMM+Draw,49,0.6924,0.4503,0.7143,0.2251,3,dynamic,True,cab4111-dirty,2026-08-13T09:28:59+00:00
wc_2022,2022 World Cup,W/L Only,XGBoost,49,0.6965,0.4512,0.7143,0.2256,3,dynamic,True,cab4111-dirty,2026-08-13T09:28:59+00:00
wc_2022,2022 World Cup,W/L Only,Random Forest,49,0.7505,0.4918,0.6327,0.2459,3,dynamic,True,cab4111-dirty,2026-08-13T09:28:59+00:00
wc_2022,2022 World Cup,W/L Only,Elo,49,0.6937,0.4553,0.7143,0.2277,3,dynamic,True,cab4111-dirty,2026-08-13T09:28:59+00:00
wc_2022,2022 World Cup,W/L Only,Uniform,49,0.6931,0.5,0.4082,0.25,3,dynamic,True,cab4111-dirty,2026-08-13T09:28:59+00:00
euro_2024,UEFA Euro 2024,All Matches,GlobalGHMM,51,1.0374,0.616,0.5294,0.1956,3,dynamic,True,cab4111-dirty,2026-08-13T09:28:59+00:00
euro_2024,UEFA Euro 2024,All Matches,GlobalGHMM+Draw,51,1.0375,0.6162,0.5294,0.1956,3,dynamic,True,cab4111-dirty,2026-08-13T09:28:59+00:00
euro_2024,UEFA Euro 2024,All Matches,XGBoost,51,1.041,0.628,0.4902,0.202,3,dynamic,True,cab4111-dirty,2026-08-13T09:28:59+00:00
euro_2024,UEFA Euro 2024,All Matches,Random Forest,51,1.1053,0.6645,0.4706,0.214,3,dynamic,True,cab4111-dirty,2026-08-13T09:28:59+00:00
euro_2024,UEFA Euro 2024,All Matches,Elo,51,1.0321,0.6141,0.5098,0.1952,3,dynamic,True,cab4111-dirty,2026-08-13T09:28:59+00:00
euro_2024,UEFA Euro 2024,All Matches,Uniform,51,1.0986,0.6667,0.3725,0.2222,3,dynamic,True,cab4111-dirty,2026-08-13T09:28:59+00:00
euro_2024,UEFA Euro 2024,W/L Only,GlobalGHMM,34,0.5919,0.3848,0.7941,0.1924,3,dynamic,True,cab4111-dirty,2026-08-13T09:28:59+00:00
euro_2024,UEFA Euro 2024,W/L Only,GlobalGHMM+Draw,34,0.5919,0.3848,0.7941,0.1924,3,dynamic,True,cab4111-dirty,2026-08-13T09:28:59+00:00
euro_2024,UEFA Euro 2024,W/L Only,XGBoost,34,0.6002,0.4055,0.7353,0.2028,3,dynamic,True,cab4111-dirty,2026-08-13T09:28:59+00:00
euro_2024,UEFA Euro 2024,W/L Only,Random Forest,34,0.6343,0.4189,0.7059,0.2095,3,dynamic,True,cab4111-dirty,2026-08-13T09:28:59+00:00
euro_2024,UEFA Euro 2024,W/L Only,Elo,34,0.5891,0.3829,0.7647,0.1915,3,dynamic,True,cab4111-dirty,2026-08-13T09:28:59+00:00
euro_2024,UEFA Euro 2024,W/L Only,Uniform,34,0.6931,0.5,0.5588,0.25,3,dynamic,True,cab4111-dirty,2026-08-13T09:28:59+00:00
copa_2024,Copa América 2024,All Matches,GlobalGHMM,32,0.9483,0.5346,0.5938,0.1544,3,dynamic,True,cab4111-dirty,2026-08-13T09:28:59+00:00
copa_2024,Copa América 2024,All Matches,GlobalGHMM+Draw,32,0.9457,0.534,0.5938,0.1543,3,dynamic,True,cab4111-dirty,2026-08-13T09:28:59+00:00
copa_2024,Copa América 2024,All Matches,XGBoost,32,0.8458,0.4954,0.5938,0.15,3,dynamic,True,cab4111-dirty,2026-08-13T09:28:59+00:00
copa_2024,Copa América 2024,All Matches,Random Forest,32,0.8981,0.5313,0.5938,0.1583,3,dynamic,True,cab4111-dirty,2026-08-13T09:28:59+00:00
copa_2024,Copa América 2024,All Matches,Elo,32,0.8515,0.4999,0.5938,0.1513,3,dynamic,True,cab4111-dirty,2026-08-13T09:28:59+00:00
copa_2024,Copa América 2024,All Matches,Uniform,32,1.0986,0.6667,0.2812,0.2309,3,dynamic,True,cab4111-dirty,2026-08-13T09:28:59+00:00
copa_2024,Copa América 2024,W/L Only,GlobalGHMM,23,0.3757,0.2307,0.8261,0.1153,3,dynamic,True,cab4111-dirty,2026-08-13T09:28:59+00:00
copa_2024,Copa América 2024,W/L Only,GlobalGHMM+Draw,23,0.3757,0.2307,0.8261,0.1153,3,dynamic,True,cab4111-dirty,2026-08-13T09:28:59+00:00
copa_2024,Copa América 2024,W/L Only,XGBoost,23,0.3762,0.2249,0.8261,0.1125,3,dynamic,True,cab4111-dirty,2026-08-13T09:28:59+00:00
copa_2024,Copa América 2024,W/L Only,Random Forest,23,0.381,0.2393,0.8261,0.1196,3,dynamic,True,cab4111-dirty,2026-08-13T09:28:59+00:00
copa_2024,Copa América 2024,W/L Only,Elo,23,0.3764,0.229,0.8261,0.1145,3,dynamic,True,cab4111-dirty,2026-08-13T09:28:59+00:00
copa_2024,Copa América 2024,W/L Only,Uniform,23,0.6931,0.5,0.3913,0.25,3,dynamic,True,cab4111-dirty,2026-08-13T09:28:59+00:00
